,0
0,data
1,pagination
2,subscription
3,rate_limit
4,timezone
5,data
6,pagination
7,subscription
8,rate_limit
9,timezone
10,data
11,pagination
12,subscription
13,rate_limit
14,timezone
15,data
16,pagination
17,subscription
18,rate_limit
19,timezone
20,data
21,pagination
22,subscription
23,rate_limit
24,timezone
25,data
26,pagination
27,subscription
28,rate_limit
29,timezone
30,data
31,pagination
32,subscription
33,rate_limit
34,timezone
35,data
36,pagination
37,subscription
38,rate_limit
39,timezone
40,data
41,pagination
42,subscription
43,rate_limit
44,timezone
45,data
46,pagination
47,subscription
48,rate_limit
49,timezone
50,data
51,pagination
52,subscription
53,rate_limit
54,timezone
55,data
56,pagination
57,subscription
58,rate_limit
59,timezone
60,data
61,pagination
62,subscription
63,rate_limit
64,timezone
65,data
66,pagination
67,subscription
68,rate_limit
69,timezone
70,data
71,pagination
72,subscription
73,rate_limit
74,timezone
75,data
76,pagination
77,subscription
78,rate_limit
79,timezone
80,data
81,pagination
82,subscription
83,rate_limit
84,timezone
85,data
86,pagination
87,subscription
88,rate_limit
89,timezone
90,data
91,pagination
92,subscription
93,rate_limit
94,timezone
95,data
96,pagination
97,subscription
98,rate_limit
99,timezone
100,data
101,pagination
102,subscription
103,rate_limit
104,timezone
105,data
106,pagination
107,subscription
108,rate_limit
109,timezone
110,data
111,pagination
112,subscription
113,rate_limit
114,timezone
115,data
116,pagination
117,subscription
118,rate_limit
119,timezone
120,data
121,pagination
122,subscription
123,rate_limit
124,timezone
125,data
126,pagination
127,subscription
128,rate_limit
129,timezone
130,data
131,pagination
132,subscription
133,rate_limit
134,timezone
135,data
136,pagination
137,subscription
138,rate_limit
139,timezone
140,data
141,pagination
142,subscription
143,rate_limit
144,timezone
145,data
146,pagination
147,subscription
148,rate_limit
149,timezone
150,data
151,pagination
152,subscription
153,rate_limit
154,timezone
155,data
156,pagination
157,subscription
158,rate_limit
159,timezone
160,data
161,pagination
162,subscription
163,rate_limit
164,timezone
165,data
166,pagination
167,subscription
168,rate_limit
169,timezone
170,data
171,pagination
172,subscription
173,rate_limit
174,timezone
175,data
176,pagination
177,subscription
178,rate_limit
179,timezone
180,data
181,pagination
182,subscription
183,rate_limit
184,timezone
185,data
186,pagination
187,subscription
188,rate_limit
189,timezone
190,data
191,pagination
192,subscription
193,rate_limit
194,timezone
195,data
196,pagination
197,subscription
198,rate_limit
199,timezone
200,data
201,pagination
202,subscription
203,rate_limit
204,timezone
205,data
206,pagination
207,subscription
208,rate_limit
209,timezone
210,data
211,pagination
212,subscription
213,rate_limit
214,timezone
215,data
216,pagination
217,subscription
218,rate_limit
219,timezone
220,data
221,pagination
222,subscription
223,rate_limit
224,timezone
225,data
226,pagination
227,subscription
228,rate_limit
229,timezone
230,data
231,pagination
232,subscription
233,rate_limit
234,timezone
235,data
236,pagination
237,subscription
238,rate_limit
239,timezone
240,data
241,pagination
242,subscription
243,rate_limit
244,timezone
245,data
246,pagination
247,subscription
248,rate_limit
249,timezone
250,data
251,pagination
252,subscription
253,rate_limit
254,timezone
255,data
256,pagination
257,subscription
258,rate_limit
259,timezone
260,data
261,pagination
262,subscription
263,rate_limit
264,timezone
265,data
266,pagination
267,subscription
268,rate_limit
269,timezone
270,data
271,pagination
272,subscription
273,rate_limit
274,timezone
275,data
276,pagination
277,subscription
278,rate_limit
279,timezone
280,data
281,pagination
282,subscription
283,rate_limit
284,timezone
285,data
286,pagination
287,subscription
288,rate_limit
289,timezone
290,data
291,pagination
292,subscription
293,rate_limit
294,timezone
295,data
296,pagination
297,subscription
298,rate_limit
299,timezone
300,data
301,pagination
302,subscription
303,rate_limit
304,timezone
305,data
306,pagination
307,subscription
308,rate_limit
309,timezone
310,data
311,pagination
312,subscription
313,rate_limit
314,timezone
315,data
316,pagination
317,subscription
318,rate_limit
319,timezone
320,data
321,pagination
322,subscription
323,rate_limit
324,timezone
325,data
326,pagination
327,subscription
328,rate_limit
329,timezone
330,data
331,pagination
332,subscription
333,rate_limit
334,timezone
335,data
336,pagination
337,subscription
338,rate_limit
339,timezone
340,data
341,pagination
342,subscription
343,rate_limit
344,timezone
345,data
346,pagination
347,subscription
348,rate_limit
349,timezone
350,data
351,pagination
352,subscription
353,rate_limit
354,timezone
355,data
356,pagination
357,subscription
358,rate_limit
359,timezone
360,data
361,pagination
362,subscription
363,rate_limit
364,timezone
365,data
366,pagination
367,subscription
368,rate_limit
369,timezone
370,data
371,pagination
372,subscription
373,rate_limit
374,timezone
375,data
376,pagination
377,subscription
378,rate_limit
379,timezone
380,data
381,pagination
382,subscription
383,rate_limit
384,timezone
385,data
386,pagination
387,subscription
388,rate_limit
389,timezone
390,message
391,subscription
392,rate_limit
393,timezone
394,data
395,pagination
396,subscription
397,rate_limit
398,timezone
399,data
400,pagination
401,subscription
402,rate_limit
403,timezone
404,data
405,pagination
406,subscription
407,rate_limit
408,timezone
409,data
410,pagination
411,subscription
412,rate_limit
413,timezone
414,message
415,subscription
416,rate_limit
417,timezone
418,data
419,pagination
420,subscription
421,rate_limit
422,timezone
423,data
424,pagination
425,subscription
426,rate_limit
427,timezone
428,data
429,pagination
430,subscription
431,rate_limit
432,timezone
433,data
434,pagination
435,subscription
436,rate_limit
437,timezone
438,message
439,subscription
440,rate_limit
441,timezone
442,data
443,pagination
444,subscription
445,rate_limit
446,timezone
447,data
448,pagination
449,subscription
450,rate_limit
451,timezone
452,data
453,pagination
454,subscription
455,rate_limit
456,timezone
457,message
458,subscription
459,rate_limit
460,timezone
461,data
462,pagination
463,subscription
464,rate_limit
465,timezone
466,data
467,pagination
468,subscription
469,rate_limit
470,timezone
471,data
472,pagination
473,subscription
474,rate_limit
475,timezone
476,data
477,pagination
478,subscription
479,rate_limit
480,timezone
481,data
482,pagination
483,subscription
484,rate_limit
485,timezone
486,message
487,subscription
488,rate_limit
489,timezone
490,message
491,subscription
492,rate_limit
493,timezone
494,message
495,subscription
496,rate_limit
497,timezone
498,message
499,subscription
500,rate_limit
501,timezone
502,message
503,subscription
504,rate_limit
505,timezone
506,message
507,subscription
508,rate_limit
509,timezone
510,message
511,subscription
512,rate_limit
513,timezone
514,message
515,subscription
516,rate_limit
517,timezone
518,message
519,subscription
520,rate_limit
521,timezone
522,message
523,subscription
524,rate_limit
525,timezone
526,message
527,subscription
528,rate_limit
529,timezone
